Genus,Species,ScientificName,CommonName,TemperatureMinimum,pH_Minimum,pH_Maximum,Precipitation_Minimum,Precipitation_Maximum,MoistureUse,AdaptedCoarseSoils,AdaptedMediumSoils,AdaptedFineSoils,ShadeTolerance,DroughtTolerance,AnaerobicTolerance,ColdStratification,FireTolerance,Min_PlantingDensity,Max_PlantingDensity,RootDepthMinimum,BloomPeriod,ActiveGrowthPeriod,MatureHeight,GrowthRate,Lifespan,NitrogenFixation,KnownAllelopath,C2N_Ratio,Toxicity
Abies,amabilis,Abies amabilis,Pacific silver fir,7.0,3.0,6.0,34.0,80.0,Medium,Yes,Yes,Yes,Tolerant,Low,,Yes,,300.0,700.0,36.0,Late Spring,Spring and Summer,200.0,Slow,Long,,No,High,
Abies,balsamea,Abies balsamea,Balsam fir,-43.0,4.0,6.0,13.0,60.0,Medium,Yes,Yes,No,Tolerant,Low,,Yes,Low,300.0,1200.0,20.0,Mid Summer,Spring and Summer,60.0,Slow,Moderate,,No,High,
Abies,concolor,Abies concolor,white fir,-38.0,5.0,7.0,18.0,80.0,Medium,Yes,Yes,No,Tolerant,Medium,,Yes,High,300.0,1200.0,40.0,Late Spring,Spring and Summer,180.0,Slow,Long,,No,High,
Abies,fraseri,Abies fraseri,Fraser fir,-23.0,3.0,5.0,24.0,52.0,Medium,Yes,Yes,No,Tolerant,Low,Low,Yes,Low,435.0,1200.0,6.0,Mid Spring,Spring and Summer,70.0,Moderate,Moderate,,No,High,
Abies,lasiocarpa,Abies lasiocarpa,subalpine fir,-51.0,4.0,6.0,20.0,40.0,Medium,Yes,Yes,No,Tolerant,Low,,Yes,Low,300.0,1200.0,40.0,Late Spring,Spring and Summer,100.0,Slow,Long,,No,High,
Acacia,koa,Acacia koa,koa,50.0,5.0,7.0,50.0,200.0,Medium,Yes,Yes,Yes,Intolerant,Medium,,No,Medium,300.0,700.0,30.0,Spring,Year Round,110.0,Moderate,Long,High,No,Low,
Acer,barbatum,Acer barbatum,Florida maple,-3.0,5.0,6.0,40.0,65.0,Medium,Yes,Yes,No,Tolerant,Low,,No,,300.0,700.0,24.0,Mid Spring,Spring and Summer,60.0,Moderate,Moderate,,No,High,
Acer,glabrum,Acer glabrum,Rocky Mountain maple,-43.0,5.0,7.0,12.0,25.0,Low,Yes,Yes,No,Intermediate,Medium,,Yes,High,300.0,1200.0,24.0,Late Spring,Spring and Summer,30.0,Rapid,Moderate,,No,High,
Acer,grandidentatum,Acer grandidentatum,bigtooth maple,-23.0,5.0,7.0,12.0,30.0,Medium,No,Yes,Yes,Intermediate,Low,,Yes,Medium,700.0,1100.0,24.0,Spring,Spring and Summer,30.0,Moderate,Short,,No,High,
Acer,negundo,Acer negundo,boxelder,-43.0,5.0,7.0,17.0,60.0,Medium,Yes,Yes,Yes,Tolerant,High,,Yes,Low,300.0,1200.0,40.0,Early Spring,Spring and Summer,60.0,Rapid,Short,,No,High,
Acer,nigrum,Acer nigrum,black maple,-33.0,4.0,6.0,25.0,56.0,Medium,Yes,Yes,Yes,Intolerant,Medium,Low,Yes,Low,300.0,700.0,30.0,Late Spring,Spring and Summer,100.0,Moderate,Moderate,,No,High,
Acer,pensylvanicum,Acer pensylvanicum,striped maple,-23.0,4.0,6.0,28.0,64.0,Low,Yes,Yes,No,Tolerant,Low,,Yes,Medium,700.0,1100.0,28.0,Late Spring,Spring and Summer,35.0,Slow,Short,,Yes,High,
Acer,platanoides,Acer platanoides,Norway maple,-43.0,5.0,7.0,32.0,50.0,Medium,Yes,Yes,Yes,Intermediate,Medium,,Yes,Low,170.0,700.0,40.0,Early Spring,Spring and Summer,50.0,Rapid,Short,,No,High,
Acer,pseudoplatanus,Acer pseudoplatanus,sycamore maple,-23.0,5.0,7.0,32.0,60.0,Medium,No,Yes,Yes,Intolerant,Medium,,Yes,Medium,300.0,700.0,48.0,Late Spring,Spring and Summer,100.0,Moderate,Moderate,,No,High,
Acer,rubrum,Acer rubrum,red maple ,-38.0,5.0,7.0,32.0,50.0,High,Yes,Yes,Yes,Tolerant,Low,Medium,No,Low,170.0,1200.0,30.0,Early Spring,Spring and Summer,90.0,Rapid,Short,,No,High,
Acer,saccharinum,Acer saccharinum,silver maple,-38.0,5.0,4.0,32.0,50.0,Medium,Yes,Yes,Yes,Intermediate,Low,High,No,Low,170.0,700.0,32.0,Early Spring,Spring and Summer,80.0,Rapid,Short,,No,High,
Acer,saccharum,Acer saccharum,sugar maple ,-43.0,3.0,7.0,20.0,80.0,Medium,Yes,Yes,No,Tolerant,Medium,,Yes,Medium,300.0,700.0,40.0,Mid Spring,Spring and Summer,100.0,Slow,Long,,Yes,High,
Acer,spicatum,Acer spicatum,mountain maple,-28.0,5.0,7.0,30.0,60.0,Medium,No,Yes,No,Tolerant,Low,Low,Yes,High,700.0,1100.0,32.0,Spring,Spring and Summer,30.0,Moderate,Moderate,,No,High,
Adiantum,pedatum,Adiantum pedatum,northern maidenhair,-38.0,4.0,6.0,36.0,60.0,Medium,Yes,Yes,No,Tolerant,Low,Low,No,Medium,1200.0,4800.0,10.0,Summer,Spring and Summer,1.0,Moderate,Moderate,,No,Medium,
Aesculus,flava,Aesculus flava,yellow buckeye,-13.0,5.0,7.0,40.0,80.0,High,No,Yes,No,Tolerant,Low,,Yes,Low,300.0,700.0,36.0,Late Spring,Spring and Summer,65.0,Moderate,Long,,No,High,Severe
Aesculus,glabra,Aesculus glabra,Ohio buckeye,-33.0,5.0,7.0,35.0,55.0,Medium,No,Yes,Yes,Tolerant,Medium,,Yes,Low,300.0,700.0,36.0,Mid Spring,Spring and Summer,70.0,Rapid,Long,,No,High,Severe
Agropyron,repens,Elymus repens,quackgrass,-43.0,5.0,7.0,24.0,65.0,Medium,Yes,Yes,Yes,Intolerant,Low,Low,No,High,19000.0,43560.0,14.0,Mid Spring,Spring and Summer,3.0,Rapid,Moderate,,No,Medium,
Agrostis,capillaris,Agrostis capillaris,colonial bentgrass,-53.0,4.0,7.0,32.0,60.0,High,Yes,Yes,No,Intolerant,Low,Medium,No,Medium,43560.0,43560.0,12.0,Mid Summer,Spring and Summer,2.0,Rapid,Short,,No,Low,
Agrostis,tenuis,Agrostis capillaris,colonial bentgrass,-53.0,4.0,7.0,32.0,60.0,High,Yes,Yes,No,Intolerant,Low,Medium,No,Medium,43560.0,43560.0,12.0,Mid Summer,Spring and Summer,2.0,Rapid,Short,,No,Low,
Ailanthus,altissima,Ailanthus altissima,ailanthus,-13.0,4.0,7.0,32.0,50.0,Medium,Yes,Yes,Yes,Intolerant,Medium,,Yes,Low,300.0,1200.0,30.0,Late Spring,Spring and Summer,50.0,Rapid,Short,,Yes,Medium,Moderate
Ajuga,reptans,Ajuga reptans,common bugle,-23.0,5.0,7.0,35.0,65.0,High,No,Yes,Yes,Tolerant,Low,,No,High,4800.0,43000.0,10.0,Mid Summer,"Spring, Summer, Fall",0.0,Rapid,Moderate,,No,Medium,
Albizia,julibrissin,Albizia julibrissin,mimosa,2.0,4.0,7.0,30.0,60.0,Medium,Yes,Yes,Yes,Intolerant,Medium,Low,No,Medium,300.0,700.0,30.0,Mid Summer,Spring and Summer,25.0,Rapid,Moderate,Medium,No,Low,
Alnus,glutinosa,Alnus glutinosa,European alder,-28.0,4.0,8.0,28.0,65.0,Medium,Yes,Yes,Yes,Intolerant,High,,Yes,Low,145.0,1200.0,16.0,Mid Spring,Spring and Summer,60.0,Rapid,Moderate,Medium,No,High,
Alnus,rubra,Alnus rubra,red alder,7.0,6.0,7.0,24.0,60.0,High,Yes,Yes,Yes,Intolerant,Medium,,No,High,430.0,1200.0,25.0,Early Spring,"Spring, Summer, Fall",90.0,Moderate,Short,High,No,High,
Alnus,rugosa,Alnus incana ssp. rugosa,speckled alder,-38.0,5.0,7.0,24.0,60.0,Medium,Yes,Yes,Yes,Intermediate,Low,High,Yes,Medium,700.0,1200.0,24.0,Early Spring,Spring and Summer,16.0,Moderate,Long,Medium,No,High,
Amelanchier,alnifolia,Amelanchier alnifolia,Saskatoon serviceberry,-38.0,5.0,8.0,12.0,30.0,Medium,Yes,Yes,Yes,Intermediate,Medium,,Yes,High,700.0,1700.0,24.0,Early Summer,Spring and Summer,15.0,Moderate,Long,,No,Medium,
Amelanchier,arborea,Amelanchier arborea,Downy serviceberry,-33.0,5.0,7.0,28.0,45.0,Medium,Yes,Yes,No,Tolerant,Low,Medium,Yes,Medium,700.0,1700.0,20.0,Mid Spring,Spring and Summer,50.0,Moderate,Moderate,,No,Medium,
Amelanchier,sanguinea,Amelanchier sanguinea,roundleaf serviceberry,-43.0,4.0,7.0,35.0,55.0,Medium,Yes,Yes,No,Tolerant,Medium,Low,Yes,High,700.0,1700.0,24.0,Late Spring,Spring and Summer,10.0,Moderate,Moderate,,No,High,
Amorpha,canescens,Amorpha canescens,leadplant,-38.0,5.0,8.0,20.0,45.0,Low,Yes,Yes,No,Tolerant,High,,Yes,High,700.0,2700.0,20.0,Early Summer,Spring and Summer,4.0,Moderate,Long,Medium,No,Medium,
Andropogon,gerardii,Andropogon gerardii,big bluestem,-46.0,6.0,7.0,12.0,55.0,Low,Yes,Yes,Yes,Intolerant,High,Medium,No,High,0.0,0.0,20.0,Summer,Summer,6.0,Moderate,Long,,No,Medium,
Andropogon,glomeratus,Andropogon glomeratus,bushy bluestem,-23.0,5.0,6.0,35.0,70.0,High,Yes,Yes,Yes,Intolerant,Low,High,No,Medium,11000.0,18000.0,12.0,Late Summer,Summer,6.0,Moderate,Moderate,,No,Medium,
Andropogon,virginicus,Andropogon virginicus,broomsedge bluestem,-18.0,4.0,7.0,30.0,45.0,Medium,No,Yes,Yes,Intolerant,High,,No,High,0.0,0.0,14.0,Late Spring,Summer,3.0,Slow,Moderate,,No,High,
Antennaria,dioica,Antennaria corymbosa,flat-top pussytoes,-18.0,6.0,8.0,18.0,60.0,High,No,Yes,No,Tolerant,Low,Medium,Yes,High,2700.0,11000.0,10.0,Spring,Spring and Summer,1.0,Slow,Short,,No,Medium,
Aralia,nudicaulis,Aralia nudicaulis,wild sarsaparilla,-38.0,5.0,7.0,32.0,50.0,Medium,Yes,Yes,Yes,Tolerant,Medium,,Yes,Medium,4800.0,11000.0,10.0,Late Spring,Spring and Summer,2.0,Moderate,Moderate,,No,Medium,
Asimina,triloba,Asimina triloba,pawpaw,-18.0,5.0,7.0,9.0,60.0,Medium,Yes,Yes,No,Tolerant,Low,Low,Yes,Medium,3400.0,4800.0,20.0,Mid Spring,Spring and Summer,35.0,Slow,Short,,No,High,
Aster,macrophyllus,Eurybia macrophylla,bigleaf aster,-28.0,4.0,6.0,35.0,55.0,Medium,No,Yes,Yes,Tolerant,Low,Low,No,High,1700.0,4800.0,10.0,Late Summer,"Spring, Summer, Fall",5.0,Moderate,Long,,No,High,
Avena,sativa,Avena sativa,common oat,-23.0,5.0,8.0,25.0,65.0,Medium,Yes,Yes,Yes,Intolerant,Low,Low,No,,0.0,0.0,8.0,Late Spring,Spring and Summer,2.0,Rapid,Short,,No,Low,
Avicennia,germinans,Avicennia germinans,Black-mangrove,32.0,6.0,8.0,34.0,81.0,High,No,Yes,Yes,Intolerant,Low,Medium,No,Low,320.0,640.0,24.0,Early Summer,Year Round,30.0,Rapid,Long,,Yes,High,Slight
Bambusa,vulgaris,Bambusa vulgaris,common bamboo,17.0,4.0,7.0,60.0,100.0,Medium,Yes,Yes,Yes,Intolerant,Medium,Medium,No,Low,170.0,300.0,24.0,Indeterminate,Year Round,50.0,Rapid,Long,,No,High,
Betula,alleghaniensis,Betula alleghaniensis,yellow birch,-38.0,4.0,6.0,35.0,55.0,Medium,Yes,Yes,Yes,Intermediate,Medium,Low,No,Low,300.0,700.0,30.0,Late Spring,Spring and Summer,100.0,Rapid,Long,,No,High,
Betula,lenta,Betula lenta,sweet birch,-33.0,4.0,6.0,35.0,55.0,Medium,Yes,Yes,No,Intolerant,Medium,,Yes,Low,300.0,700.0,28.0,Late Spring,Spring and Summer,80.0,Moderate,Moderate,,No,High,
Betula,nigra,Betula nigra,river birch,-23.0,4.0,6.0,30.0,50.0,High,No,Yes,Yes,Intolerant,Low,Low,No,High,300.0,700.0,20.0,Mid Spring,Spring and Summer,80.0,Rapid,Moderate,,No,Medium,
Betula,papyrifera,Betula papyrifera,paper birch ,-43.0,4.0,7.0,12.0,60.0,High,Yes,Yes,Yes,Intolerant,Low,Medium,Yes,Medium,300.0,700.0,24.0,Mid Spring,Spring and Summer,70.0,Rapid,Short,,No,Medium,
Betula,pendula,Betula pendula,European white birch,-33.0,5.0,7.0,30.0,55.0,High,Yes,Yes,Yes,Intolerant,Low,,No,,300.0,700.0,24.0,Mid Spring,Spring and Summer,60.0,Rapid,Short,,No,Medium,
Betula,populifolia,Betula populifolia,gray birch ,-33.0,3.0,6.0,36.0,50.0,Low,Yes,Yes,Yes,Intolerant,Medium,,Yes,High,700.0,1200.0,18.0,Mid Spring,Spring and Summer,40.0,Rapid,Short,,No,Medium,
Carex,bigelowii,Carex bigelowii,Bigelow's sedge,-43.0,4.0,6.0,36.0,55.0,Medium,Yes,Yes,No,Intermediate,Low,Medium,No,High,4800.0,11000.0,6.0,Mid Summer,Summer and Fall,0.0,Moderate,Long,,No,Medium,
Carpinus,caroliniana,Carpinus caroliniana,hornbeam,-33.0,4.0,7.0,28.0,62.0,Medium,Yes,Yes,No,Tolerant,Low,,Yes,Low,700.0,1200.0,20.0,Mid Spring,Spring and Summer,40.0,Slow,Moderate,,No,High,
Carya,alba,Carya alba,mockernut hickory,-28.0,6.0,7.0,30.0,60.0,Medium,Yes,Yes,No,Intolerant,Medium,,Yes,Medium,170.0,700.0,50.0,Mid Spring,Spring and Summer,100.0,Slow,Long,,No,High,
Carya,aquatica,Carya aquatica,water hickory,7.0,5.0,7.0,35.0,60.0,Medium,Yes,Yes,Yes,Intermediate,Medium,Medium,Yes,Medium,300.0,700.0,48.0,Mid Spring,Spring and Summer,100.0,Slow,Moderate,,No,High,
Carya,cordiformis,Carya cordiformis,bitternut hickory,-23.0,6.0,7.0,25.0,50.0,Medium,Yes,Yes,Yes,Intolerant,High,Low,Yes,Medium,170.0,700.0,50.0,Mid Spring,Spring and Summer,100.0,Slow,Moderate,,No,High,
Carya,glabra,Carya glabra,pignut hickory ,-28.0,6.0,7.0,30.0,80.0,Medium,No,Yes,No,Intolerant,High,,Yes,Medium,170.0,700.0,50.0,Mid Spring,Spring and Summer,90.0,Slow,Moderate,,No,High,
Carya,illinoinensis,Carya illinoinensis,pecan,-8.0,5.0,7.0,24.0,60.0,High,Yes,Yes,Yes,Intolerant,Low,,No,Low,300.0,700.0,32.0,Early Spring,Spring and Summer,140.0,Slow,Long,,No,High,
Carya,laciniosa,Carya laciniosa,shellbark hickory,-18.0,6.0,7.0,30.0,58.0,High,No,Yes,No,Tolerant,Low,,Yes,Medium,170.0,700.0,60.0,Mid Spring,Spring and Summer,100.0,Moderate,Long,,No,High,
Carya,myristiciformis,Carya myristiciformis,nutmeg hickory,-13.0,4.0,6.0,45.0,55.0,Medium,Yes,Yes,Yes,Intolerant,Low,Low,Yes,High,300.0,700.0,48.0,Mid Spring,Spring and Summer,95.0,Slow,Moderate,,No,High,
Carya,ovata,Carya ovata,shagbark hickory,-43.0,4.0,6.0,30.0,80.0,Medium,Yes,Yes,No,Intermediate,Medium,,Yes,High,300.0,700.0,48.0,Late Spring,Spring and Summer,90.0,Rapid,Long,,No,High,
Castanea,dentata,Castanea dentata,American chestnut,-33.0,5.0,6.0,35.0,60.0,Medium,No,Yes,No,Intolerant,Medium,,Yes,,170.0,300.0,20.0,Early Summer,Spring,115.0,Rapid,Long,,No,Low,
Castanea,mollissima,Castanea mollissima,chinese chestnut,7.0,5.0,7.0,35.0,50.0,Medium,No,Yes,No,Intolerant,Low,,Yes,Low,170.0,300.0,36.0,Mid Spring,Spring and Summer,70.0,Rapid,Short,,No,,
Catalpa,bignoniodes,Catalpa bignoniodes,southern catalpa,-18.0,5.0,7.0,30.0,65.0,Low,Yes,Yes,No,Intermediate,Medium,,No,,170.0,700.0,36.0,Mid Spring,Spring,66.0,Rapid,Long,,No,,
Catalpa,speciosa,Catalpa speciosa,northern catalpa,-38.0,5.0,7.0,20.0,80.0,Low,Yes,Yes,No,Intolerant,Medium,,No,,100.0,1200.0,20.0,Early Summer,Spring,60.0,Rapid,Long,Low,No,High,
Ceanothus,americanus,Ceanothus americanus,New Jersey tea,-28.0,4.0,6.0,25.0,60.0,Low,Yes,Yes,No,Tolerant,High,,Yes,Medium,2700.0,4800.0,14.0,Late Spring,Spring and Summer,3.0,Slow,Moderate,Low,No,High,
Ceanothus,megacarpus,Ceanothus megacarpus,bigpod ceanothus,24.0,7.0,8.0,9.0,24.0,Low,Yes,Yes,No,Intolerant,High,,Yes,Medium,300.0,700.0,12.0,Late Winter,Summer and Fall,13.0,Moderate,Moderate,Low,No,High,
Cecropia,peltata,Cecropia schreberiana,pumpwood,62.0,5.0,7.0,40.0,80.0,Medium,Yes,Yes,Yes,Intolerant,Medium,,No,High,300.0,700.0,20.0,Late Winter,"Spring, Summer, Fall",65.0,Rapid,Short,,No,High,
Cedrela,odorata,Cedrela odorata,Spanish cedar,27.0,5.0,7.0,40.0,120.0,Medium,No,Yes,Yes,Intolerant,High,,No,,170.0,300.0,24.0,Indeterminate,"Spring, Summer, Fall",110.0,Rapid,Long,,No,High,
Celtis,laevigata,Celtis laevigata,sugarberry,-29.0,4.0,6.0,20.0,60.0,High,No,Yes,Yes,Tolerant,Low,,Yes,Medium,170.0,300.0,24.0,Early Spring,Spring and Summer,80.0,Rapid,Moderate,,No,High,
Celtis,laevigata var reticulata,Celtis ,netleaf hackberry,-13.0,7.0,8.0,8.0,40.0,Low,Yes,Yes,No,Intolerant,High,,Yes,Medium,50.0,100.0,12.0,Mid Spring,Spring and Summer,30.0,Rapid,Long,,No,High,
Celtis,occidentalis,Celtis occidentalis,hackberry,-38.0,6.0,7.0,14.0,60.0,Low,Yes,Yes,Yes,Intermediate,Medium,Medium,Yes,High,170.0,300.0,36.0,Mid Spring,Spring and Summer,70.0,Moderate,Moderate,,No,High,
Cercis,canadensis,Cercis canadensis,eastern redbud,-23.0,4.0,7.0,28.0,60.0,Low,Yes,Yes,No,Tolerant,High,,Yes,Low,300.0,1200.0,24.0,Spring,Spring and Summer,16.0,Slow,Short,Low,No,Medium,
Chamaedaphne,calyculata,Chamaedaphne calyculata,leatherleaf,-28.0,5.0,6.0,35.0,70.0,High,Yes,Yes,Yes,Intermediate,Low,Low,No,Medium,100.0,400.0,8.0,Early Spring,Spring and Summer,4.0,Moderate,Moderate,,No,Medium,
Chamerion,angustifolium,Chamerion angustifolium ssp. angustifolium,fireweed,-38.0,4.0,7.0,8.0,55.0,High,Yes,Yes,Yes,Intermediate,Low,High,Yes,High,0.0,0.0,10.0,Late Summer,"Spring, Summer, Fall",6.0,Rapid,Moderate,,No,Medium,
Cibotium,glaucum,Cibotium glaucum,hapu'u,40.0,6.0,7.0,30.0,90.0,Medium,No,No,Yes,Intermediate,Low,Low,No,Medium,320.0,1280.0,12.0,Indeterminate,Year Round,8.0,Slow,Short,,No,High,
Cichorium,intybus,Cichorium intybus,chicory,-43.0,6.0,7.0,20.0,60.0,High,Yes,Yes,Yes,Intolerant,Medium,Low,No,Medium,0.0,0.0,8.0,Mid Summer,Summer,2.0,Rapid,Short,,No,Medium,
Cladium,jamaicense,Cladium mariscus ssp. jamaicense,Jamaica swamp sawgrass,12.0,4.0,7.0,35.0,60.0,Medium,Yes,Yes,Yes,Intolerant,Low,High,No,Medium,2700.0,4800.0,16.0,Summer,Summer,8.0,Moderate,Moderate,,No,Medium,
Cladrastis,kentukea,Cladrastis kentukea,yellowwood,-3.0,4.0,6.0,36.0,55.0,Low,Yes,Yes,No,Intermediate,Medium,,Yes,,300.0,700.0,24.0,Early Summer,Spring and Summer,40.0,Moderate,Long,Medium,No,High,
Clintonia,borealis,Clintonia borealis,bluebead,-33.0,5.0,6.0,32.0,55.0,Medium,No,Yes,Yes,Intolerant,Low,Low,No,Medium,4800.0,11000.0,8.0,Mid Spring,Spring,1.0,Moderate,Short,,No,Medium,
Coffea,arabica,Coffea arabica,Arabian coffee,17.0,4.0,7.0,60.0,100.0,High,Yes,Yes,No,Tolerant,Medium,Low,No,,700.0,1100.0,40.0,Spring,Year Round,15.0,Moderate,Moderate,,No,High,
Convallaria,majalis,Convallaria majalis,European lily of the valley,-33.0,5.0,7.0,32.0,65.0,Medium,No,Yes,Yes,Tolerant,Low,,No,High,4800.0,11000.0,10.0,Summer,Summer,1.0,Slow,Moderate,,No,High,
Cordia,alliodora,Cordia alliodora,Spanish elm,57.0,4.0,7.0,30.0,200.0,High,No,Yes,No,Intolerant,Low,,Yes,Medium,170.0,300.0,28.0,Early Spring,"Spring, Summer, Fall",70.0,Rapid,Short,,No,High,
Cornus,alternifolia,Cornus alternifolia,Alternate-leaf dogwood,-43.0,5.0,7.0,30.0,50.0,Medium,No,Yes,No,Tolerant,Low,,Yes,Low,1200.0,1700.0,20.0,Mid Spring,Spring and Summer,25.0,Moderate,Moderate,,No,High,
Cornus,canadensis,Cornus canadensis,bunchberry dogwood,-28.0,5.0,6.0,32.0,50.0,High,No,Yes,No,Tolerant,Low,,Yes,High,2700.0,4800.0,10.0,Late Spring,Spring and Summer,1.0,Slow,Long,,No,Low,
Cornus,florida,Cornus florida,Flowering dogwood,-18.0,5.0,7.0,28.0,60.0,Low,No,Yes,No,Tolerant,Medium,,Yes,Low,1200.0,2700.0,18.0,Early Spring,Spring and Summer,40.0,Moderate,Short,,No,High,
Cornus,racemosa,Cornus racemosa,gray dogwood,-33.0,5.0,7.0,28.0,60.0,Medium,No,Yes,Yes,Tolerant,Medium,Low,Yes,High,1200.0,4800.0,16.0,Spring,Spring and Summer,15.0,Moderate,Moderate,,No,High,
Cornus,rugosa,Cornus rugosa,roundleaf dogwood,-28.0,6.0,7.0,18.0,45.0,Low,Yes,Yes,No,Tolerant,High,,Yes,Medium,1700.0,2700.0,18.0,Mid Spring,Spring and Summer,10.0,Moderate,Moderate,,No,Medium,
Cornus,stolonifera,Cornus sericea ssp. occidentalis,western dogwood,-35.0,4.0,7.0,18.0,60.0,Medium,Yes,Yes,Yes,Intermediate,Low,High,Yes,Medium,1100.0,2700.0,16.0,Summer,Spring and Summer,16.0,Moderate,Long,,No,High,
Corylus,americana,Corylus americana,American hazelnut,-33.0,5.0,7.0,32.0,60.0,Medium,No,Yes,Yes,Intermediate,Medium,,Yes,Medium,700.0,1700.0,20.0,Spring,Spring and Summer,10.0,Moderate,Short,,No,High,
Corylus,cornuta,Corylus cornuta var. californica,California hazelnut,-23.0,5.0,7.0,14.0,40.0,Medium,Yes,Yes,Yes,Tolerant,Low,Low,Yes,High,700.0,1700.0,18.0,Winter,Spring and Summer,15.0,Slow,Long,,No,High,
Crataegus,crus-galli,Crataegus crus-galli,cockspur hawthorn,-33.0,4.0,7.0,24.0,60.0,Low,Yes,Yes,Yes,Intolerant,High,,Yes,Medium,300.0,1200.0,24.0,Late Spring,Spring and Summer,30.0,Moderate,Long,,No,High,
Crataegus,curvisepala,Crataegus monogyna,oneseed hawthorn,-23.0,6.0,7.0,24.0,60.0,Medium,Yes,Yes,Yes,Intolerant,High,,Yes,Medium,300.0,700.0,24.0,Mid Spring,Spring and Summer,20.0,Slow,Moderate,,No,High,
Dacryodes,excelsa,Dacryodes excelsa,candletree,51.0,4.0,5.0,80.0,160.0,Medium,No,No,Yes,Intermediate,Low,,No,Low,170.0,300.0,42.0,Early Summer,"Spring, Summer, Fall",115.0,Slow,Long,,No,High,
Diervilla,lonicera,Diervilla lonicera,northern bush honeysuckle,-23.0,4.0,7.0,32.0,50.0,Low,Yes,Yes,No,Intermediate,High,,No,High,1100.0,2700.0,16.0,Late Spring,Spring,2.0,Slow,Long,,No,High,
Dryopteris,noveboracensis,Thelypteris noveboracensis,New York fern,-28.0,4.0,7.0,30.0,60.0,Low,Yes,Yes,Yes,Tolerant,Medium,High,No,Medium,3450.0,10912.0,6.0,Summer,Spring,2.0,Moderate,Moderate,,No,,
Elaeagnus,angustifolia,Elaeagnus angustifolia,Russian-olive,-38.0,6.0,9.0,12.0,40.0,High,Yes,Yes,No,Intolerant,High,Low,Yes,Low,300.0,1200.0,20.0,Early Summer,Spring and Summer,35.0,Rapid,Long,High,No,Medium,
Elytrigia,repens,Elymus repens,quackgrass,-43.0,5.0,7.0,24.0,65.0,Medium,Yes,Yes,Yes,Intolerant,Low,Low,No,High,19000.0,43560.0,14.0,Mid Spring,Spring and Summer,3.0,Rapid,Moderate,,No,Medium,
Encelia,farinosa,Encelia farinosa,brittlebush,27.0,7.0,8.0,5.0,10.0,Low,Yes,Yes,Yes,Intolerant,High,,No,,7000.0,12000.0,12.0,Winter,"Fall, Winter and Spring",5.0,Rapid,Short,,Yes,High,
Epilobium,angustifolium,Chamerion angustifolium ssp. angustifolium,fireweed,-38.0,4.0,7.0,8.0,55.0,High,Yes,Yes,Yes,Intermediate,Low,High,Yes,High,0.0,0.0,10.0,Late Summer,"Spring, Summer, Fall",6.0,Rapid,Moderate,,No,Medium,
Equisetum,sylvaticum,Equisetum sylvaticum,woodland horsetail,-43.0,4.0,6.0,20.0,100.0,Low,Yes,Yes,Yes,Tolerant,High,Medium,No,,1936.0,10912.0,6.0,Spring,Spring,1.0,Rapid,Short,,No,,Moderate
Eucalyptus,grandis,Eucalyptus grandis,grand eucalyptus,28.0,4.0,6.0,40.0,70.0,Medium,Yes,Yes,Yes,Intolerant,Low,Medium,No,High,170.0,1200.0,20.0,Fall,"Fall, Winter and Spring",160.0,Rapid,Long,,Yes,High,
Fagus,grandifolia,Fagus grandifolia,beech ,-42.0,4.0,6.0,30.0,50.0,Medium,Yes,Yes,No,Tolerant,High,Low,Yes,High,300.0,800.0,32.0,Mid Spring,Spring and Summer,95.0,Slow,Long,,No,High,
Fraxinus,americana,Fraxinus americana,white ash,-34.0,5.0,7.0,30.0,60.0,High,Yes,Yes,Yes,Intolerant,Low,,Yes,Medium,300.0,800.0,40.0,Mid Spring,Spring and Summer,90.0,Moderate,Moderate,,No,High,
Fraxinus,caroliniana,Fraxinus caroliniana,Carolina ash,2.0,3.0,6.0,36.0,65.0,High,Yes,Yes,No,Tolerant,Low,High,No,,692.0,2728.0,12.0,Spring,Spring,39.0,Moderate,Moderate,,No,,
Fraxinus,latifolia,Fraxinus latifolia,Oregon ash,7.0,5.0,7.0,20.0,110.0,Medium,Yes,Yes,Yes,Intermediate,Low,High,Yes,Medium,300.0,800.0,24.0,Mid Spring,Spring and Summer,70.0,Moderate,Moderate,,No,High,
Fraxinus,nigra,Fraxinus nigra,black ash,-38.0,4.0,6.0,20.0,45.0,High,Yes,Yes,No,Intolerant,Low,Medium,Yes,Medium,300.0,800.0,40.0,Early Spring,Spring and Summer,80.0,Moderate,Moderate,,No,Medium,
Fraxinus,pennsylvanica,Fraxinus pennsylvanica,green ash,-43.0,5.0,8.0,9.0,71.0,Medium,Yes,Yes,Yes,Tolerant,Medium,Low,Yes,Medium,300.0,800.0,40.0,Late Spring,Spring and Summer,70.0,Rapid,Short,,No,High,
Fraxinus,profunda,Fraxinus profunda,pumpkin ash,-13.0,4.0,5.0,35.0,50.0,High,No,Yes,Yes,Intermediate,Low,Medium,Yes,High,300.0,800.0,28.0,Mid Spring,Spring and Summer,120.0,Rapid,Long,,No,High,
Galium,boreale,Galium boreale,northern bedstraw,-33.0,5.0,7.0,20.0,55.0,Medium,Yes,Yes,No,Intermediate,Medium,,Yes,Low,0.0,0.0,6.0,Late Spring,Spring and Summer,3.0,Moderate,Moderate,,No,Medium,
Gaultheria,hispidula,Gaultheria hispidula,creeping snowberry,-28.0,4.0,6.0,30.0,60.0,Medium,Yes,Yes,Yes,Tolerant,Medium,Medium,Yes,High,2700.0,4800.0,12.0,Mid Spring,Spring and Summer,1.0,Slow,Long,,No,High,
Gaultheria,procumbens,Gaultheria procumbens,eastern teaberry,-33.0,4.0,6.0,32.0,60.0,Low,Yes,Yes,No,Tolerant,High,,Yes,High,2700.0,4800.0,12.0,Spring,"Spring, Summer, Fall",1.0,Slow,Long,,No,High,
Geum,rivale,Geum rivale,purple avens,-33.0,4.0,7.0,30.0,55.0,High,Yes,Yes,Yes,Intolerant,Low,Medium,No,Medium,0.0,0.0,12.0,Mid Spring,Spring and Summer,3.0,Moderate,Moderate,,No,Medium,
Gleditsia,triacanthos,Gleditsia triacanthos,honeylocust,-33.0,6.0,8.0,35.0,70.0,Medium,No,Yes,No,Intolerant,High,,No,,170.0,700.0,48.0,Late Spring,Spring and Summer,75.0,Rapid,Moderate,,No,Medium,
Gliricidia,sepium,Gliricidia sepium,quickstick,17.0,5.0,7.0,60.0,80.0,Medium,Yes,Yes,Yes,Intolerant,Medium,,No,,300.0,700.0,60.0,Late Winter,Year Round,65.0,Rapid,Long,High,No,High,Moderate
Glycine,max,Glycine max,soybean,-28.0,5.0,7.0,32.0,50.0,Medium,Yes,Yes,Yes,Intolerant,Medium,Low,No,,0.0,0.0,8.0,Mid Summer,Summer,1.0,Rapid,Short,Medium,No,Low,
Gordonia,lasianthus,Gordonia lasianthus,loblolly-bay,12.0,4.0,6.0,44.0,64.0,High,Yes,Yes,No,Tolerant,Low,High,No,Low,300.0,700.0,20.0,Early Summer,"Spring, Summer, Fall",65.0,Moderate,Moderate,,No,High,
Gymnocladus,dioicus,Gymnocladus dioicus,Kentucky coffeetree,-30.0,6.0,8.0,0.0,0.0,Medium,Yes,Yes,Yes,Intolerant,Medium,,No,Low,320.0,640.0,36.0,Early Summer,Spring,80.0,Slow,Long,Low,No,Low,Severe
Halesia,carolina,Halesia carolina,Carolina silverbell,-8.0,5.0,7.0,40.0,80.0,Medium,Yes,Yes,Yes,Tolerant,Low,Medium,Yes,Medium,300.0,800.0,40.0,Mid Spring,Spring and Summer,40.0,Moderate,Moderate,,No,High,
Hamamelis,virginiana,Hamamelis virginiana,Witch-hazel,-28.0,4.0,6.0,30.0,60.0,Medium,No,Yes,Yes,Intermediate,Low,Low,Yes,High,1200.0,2700.0,20.0,Fall,Spring and Summer,20.0,Slow,Long,,No,Medium,
Helianthus,annus,Helianthus annuus,common sunflower,52.0,5.0,7.0,12.0,60.0,Medium,Yes,Yes,Yes,Intolerant,Medium,Low,No,,4800.0,11000.0,8.0,Summer,Summer,9.0,Rapid,Short,,No,,
Heracleum,sphondylium,Heracleum maximum,common cowparsnip,-38.0,5.0,7.0,14.0,45.0,High,Yes,Yes,Yes,Intolerant,Low,Medium,No,High,0.0,0.0,12.0,Early Summer,Spring and Summer,8.0,Moderate,Short,,No,Medium,Slight
Heteropogon,contortus,Heteropogon contortus,tanglehead,7.0,6.0,8.0,5.0,14.0,Low,Yes,Yes,No,Intolerant,High,,No,High,0.0,0.0,10.0,Early Summer,Spring and Summer,1.0,Moderate,Moderate,,No,Medium,
Holcus,lanatus,Holcus lanatus,common velvetgrass,-23.0,4.0,7.0,20.0,65.0,Low,Yes,Yes,No,Intermediate,Medium,,No,,10912.0,19360.0,4.0,Summer,Spring,3.0,Moderate,Short,,No,,
Ilex,opaca,Ilex opaca,American holly ,-18.0,4.0,7.0,36.0,60.0,Medium,No,Yes,Yes,Tolerant,Medium,Low,Yes,Low,300.0,800.0,30.0,Mid Spring,Spring and Summer,60.0,Slow,Moderate,,No,High,
Ilex,verticillata,Ilex verticillata,common winterberry,-28.0,4.0,7.0,35.0,60.0,High,No,Yes,Yes,Intermediate,Low,Low,Yes,Low,700.0,2700.0,16.0,Late Spring,Spring and Summer,10.0,Moderate,Moderate,,No,High,
Impatiens,biflora,Impatiens capensis,jewelweed,32.0,6.0,7.0,14.0,50.0,Medium,Yes,Yes,Yes,Tolerant,Low,Low,No,Medium,0.0,0.0,14.0,Indeterminate,Summer,5.0,Rapid,Short,,No,,
Juglans,cinerea,Juglans cinera,butternut ,-33.0,6.0,7.0,25.0,80.0,Medium,Yes,Yes,No,Intolerant,Low,,Yes,Low,100.0,800.0,40.0,Late Spring,Spring and Summer,80.0,Rapid,Short,,Yes,High,Slight
Juglans,nigra,Juglans nigra,black walnut,-28.0,5.0,8.0,30.0,60.0,High,No,Yes,No,Intolerant,Low,,No,High,100.0,800.0,40.0,Late Spring,Spring,100.0,Rapid,Moderate,,Yes,High,Slight
Juniperus,monosperma,Juniperus monosperma,oneseed juniper,-13.0,7.0,8.0,8.0,12.0,Low,Yes,Yes,Yes,Intolerant,High,,No,,100.0,800.0,12.0,Early Spring,Spring and Summer,40.0,Slow,Long,,Yes,High,
Juniperus,virginiana,Juniperus virginiana,eastern redcedar,-43.0,4.0,8.0,15.0,68.0,Low,Yes,Yes,Yes,Intermediate,High,Low,Yes,Low,300.0,1200.0,20.0,Late Spring,Spring and Summer,50.0,Slow,Moderate,,Yes,High,Slight
Juniperus,virginiana,Juniperus virginiana var silicicola,Southern redcedar,-8.0,6.0,7.0,29.0,63.0,Medium,Yes,Yes,No,Intolerant,Low,Low,Yes,Low,300.0,1200.0,18.0,Late Winter,Spring and Summer,65.0,Slow,Long,,No,High,
Juniperus,virginiana,Juniperus horizontalis,creeping juniper,-43.0,5.0,7.0,30.0,60.0,High,No,Yes,No,Intolerant,Low,,Yes,Medium,1200.0,4800.0,12.0,Late Spring,Spring and Summer,4.0,Moderate,Moderate,,No,High,
Kalmia,latifolia,Kalmia latifolia,mountain laurel,-23.0,4.0,5.0,32.0,60.0,Low,Yes,Yes,No,Tolerant,High,,No,Medium,300.0,1700.0,24.0,Mid Spring,Spring and Summer,6.0,Slow,Long,,No,High,
Kalmia,polifolia,Kalmia microphylla,alpine laurel,-28.0,6.0,7.0,12.0,20.0,Medium,Yes,Yes,No,Tolerant,Low,Medium,No,Medium,1700.0,2700.0,12.0,Late Spring,Spring and Summer,1.0,Slow,Long,,No,High,
Koeleria,cristata,Koeleria macrantha,prairie Junegrass,-38.0,6.0,8.0,14.0,20.0,High,Yes,Yes,No,Tolerant,High,,No,High,0.0,0.0,20.0,Late Spring,Spring and Fall,2.0,Rapid,Short,,No,Medium,
Koeleria,macrantha,Koeleria macrantha,prairie Junegrass,-38.0,6.0,8.0,14.0,20.0,High,Yes,Yes,No,Tolerant,High,,No,High,0.0,0.0,20.0,Late Spring,Spring and Fall,2.0,Rapid,Short,,No,Medium,
Laguncularia,racemosa,Laguncularia racemosa,white -mangrove,40.0,6.0,8.0,41.0,92.0,High,Yes,Yes,Yes,Intolerant,Low,Medium,No,Low,320.0,640.0,36.0,Spring,"Fall, Winter and Spring",50.0,Rapid,Moderate,,No,,Slight
Larix,laricina,Larix laricina,tamarack,-79.0,5.0,6.0,7.0,55.0,Medium,Yes,Yes,No,Intolerant,Low,Low,Yes,,430.0,1200.0,12.0,Mid Spring,Spring and Summer,80.0,Rapid,Moderate,,No,High,
Larix,lyallii,Larix lyallii,subalpine larch,-58.0,3.0,5.0,26.0,95.0,Low,Yes,Yes,No,Intolerant,High,,No,Low,430.0,1200.0,36.0,Late Spring,Summer,40.0,Slow,Long,,No,High,
Larix,occidentalis,Larix occidentalis,western larch,-43.0,6.0,7.0,13.0,50.0,Low,Yes,Yes,No,Intolerant,Low,,Yes,Low,430.0,1200.0,20.0,Spring,Spring and Summer,200.0,Rapid,Long,,No,High,
Larrea,tridentata,Larrea tridentata var. arenaria,creosote bush,-23.0,7.0,8.0,4.0,35.0,Low,Yes,Yes,Yes,Intolerant,High,,No,,10.0,1746.0,8.0,Mid Spring,Spring and Summer,10.0,Slow,Long,,Yes,High,Slight
Ledum,palustre,Ledum groenlandicum,bog Labrador tea,-33.0,5.0,7.0,12.0,50.0,Medium,No,Yes,Yes,Intermediate,Medium,High,No,Medium,1700.0,4800.0,18.0,Late Spring,Spring,3.0,Slow,Moderate,,Yes,,
Lespedeza,capitata,Lespedeza capitata,roundhead lespedeza,-28.0,5.0,8.0,19.0,45.0,Low,Yes,Yes,No,Intolerant,High,,No,High,0.0,0.0,18.0,Late Summer,Summer,3.0,Slow,Long,Medium,No,Medium,
Liquidambar,styraciflua,Liquidambar styraciflua,sweetgum,-21.0,4.0,7.0,40.0,60.0,High,Yes,Yes,Yes,Intolerant,Low,Low,Yes,Low,300.0,800.0,36.0,Mid Spring,Spring and Summer,100.0,Rapid,Long,,No,High,
Liriodendron,tulipifera,Liriodendron tulipifera,yellow-poplar ,-18.0,4.0,6.0,30.0,80.0,Medium,Yes,Yes,No,Intolerant,Medium,,Yes,Medium,300.0,800.0,32.0,Mid Spring,Spring and Summer,120.0,Rapid,Moderate,,No,High,
Lolium,perenne,Lolium perenne,perennial ryegrass,-18.0,5.0,8.0,30.0,65.0,High,No,Yes,Yes,Intolerant,Low,Low,No,Low,0.0,0.0,10.0,Mid Spring,Spring and Fall,4.0,Rapid,Short,,No,Low,
Lolium,perenne,Lolium perenne ssp. multiflorum,Italian ryegrass,-8.0,5.0,7.0,18.0,65.0,Medium,Yes,Yes,Yes,Intermediate,Low,Low,No,Low,0.0,0.0,8.0,Early Spring,Spring and Summer,3.0,Rapid,Short,,No,Low,
Lyonia,lucida,Lyonia lucida,fetterbush lyonia,2.0,3.0,6.0,40.0,60.0,Medium,Yes,Yes,Yes,Tolerant,Low,Medium,No,High,1212.0,3450.0,20.0,Spring,Summer,7.0,Moderate,Long,,No,Medium,
Maclura,pomifera,Maclura pomifera,Osage-orange,-23.0,4.0,7.0,24.0,40.0,Medium,Yes,Yes,No,Intolerant,Medium,,Yes,Medium,300.0,800.0,32.0,Late Spring,Spring and Summer,35.0,Moderate,Long,,No,High,
Magnolia,fraseri,Magnolia fraseri,mountain magnolia,-13.0,4.0,6.0,40.0,80.0,High,Yes,Yes,No,Intermediate,Low,,Yes,Medium,300.0,800.0,28.0,Spring,Spring and Summer,75.0,Rapid,Moderate,,No,High,
Magnolia,grandifolia,Magnolia grandifolia,southern magnolia ,7.0,4.0,6.0,35.0,60.0,High,No,Yes,Yes,Tolerant,Low,,Yes,,300.0,800.0,42.0,Mid Spring,Spring and Summer,100.0,Moderate,Long,,No,High,
Magnolia,tripetala,Magnolia tripetala,umbrella magnolia,-3.0,5.0,7.0,40.0,60.0,Medium,No,Yes,Yes,Tolerant,Low,,No,Low,1746.0,3450.0,12.0,Spring,Spring,30.0,Moderate,Short,,No,High,
Malus,ioensis,Malus ioensis,prairie crabapple,-28.0,5.0,7.0,30.0,45.0,Medium,Yes,Yes,Yes,Intolerant,High,,Yes,Low,300.0,1200.0,30.0,Mid Spring,Spring and Summer,25.0,Moderate,Moderate,,No,High,
Manihot,esculenta,Manihot esculenta,cassava,17.0,5.0,5.0,60.0,80.0,Medium,No,Yes,Yes,Intolerant,Low,Low,No,,1700.0,2700.0,24.0,Indeterminate,Year Round,10.0,Rapid,Short,,No,Medium,Slight
Melia,azedarach,Melia azedarach,Chinaberrytree,17.0,4.0,8.0,20.0,60.0,Low,Yes,Yes,Yes,Intolerant,High,,No,,150.0,300.0,60.0,Indeterminate,Year Round,50.0,Rapid,Moderate,,Yes,High,Slight
Mikania,scandens,Mikania scandens,climbing hempvine,-38.0,5.0,7.0,30.0,60.0,Medium,No,Yes,Yes,Tolerant,Low,Medium,No,,1212.0,2728.0,16.0,Summer,Summer,1.0,Rapid,Moderate,,No,Medium,
Morus,alba,Morus alba,white mulberry,-18.0,5.0,7.0,30.0,60.0,Low,Yes,Yes,Yes,Intermediate,Medium,,Yes,Low,170.0,600.0,24.0,Early Spring,Spring and Summer,50.0,Moderate,Moderate,,No,High,
Morus,rubra,Morus rubra,red mulberry ,-33.0,5.0,7.0,35.0,60.0,Medium,Yes,Yes,Yes,Tolerant,Medium,,Yes,Low,170.0,600.0,24.0,Early Spring,Spring and Summer,70.0,Moderate,Moderate,,No,High,
Nerium,oleander,Nerium oleander,oleander,14.0,5.0,7.0,14.0,60.0,Low,Yes,Yes,Yes,Intolerant,High,,No,High,700.0,1200.0,16.0,Summer,"Spring, Summer, Fall",12.0,Rapid,Moderate,,No,High,Moderate
Nyssa,ogeche,Nyssa ogeche,Ogechee tupelo,-8.0,4.0,6.0,45.0,60.0,High,Yes,Yes,Yes,Intolerant,Low,High,Yes,Medium,400.0,800.0,24.0,Mid Spring,Spring and Summer,50.0,Rapid,Short,,No,High,
Nyssa,sylvatica,Nyssa sylvatica,blackgum ,-18.0,4.0,6.0,40.0,60.0,Medium,Yes,Yes,No,Tolerant,Low,Low,Yes,Medium,400.0,800.0,30.0,Late Spring,Spring and Summer,95.0,Moderate,Moderate,,No,High,
Osmunda,claytoniana,Osmunda claytoniana,interrupted fern,-38.0,4.0,6.0,32.0,55.0,High,No,Yes,Yes,Tolerant,Low,Medium,No,Low,1200.0,2700.0,12.0,Mid Summer,"Spring, Summer, Fall",4.0,Moderate,Long,,No,High,
Ostrya,virginiana,Ostrya virginiana,eastern hophornbeam ,-38.0,4.0,7.0,18.0,60.0,Low,Yes,Yes,Yes,Tolerant,Medium,,Yes,Medium,200.0,1200.0,16.0,Mid Spring,Spring and Summer,45.0,Slow,Short,,No,High,
Oxydendrum,arboreum,Oxydendrum arboreum,sourwood,-13.0,4.0,6.0,30.0,40.0,Low,Yes,Yes,No,Tolerant,High,,No,,200.0,1200.0,30.0,Early Summer,Spring and Summer,35.0,Slow,Moderate,,No,High,
Pachysandra,terminalis,Pachysandra terminalis,Japanese pachysandra,-28.0,5.0,7.0,36.0,60.0,High,Yes,Yes,Yes,Tolerant,Low,,No,High,4800.0,43000.0,12.0,Early Summer,Spring and Summer,1.0,Slow,Moderate,,No,Medium,
Panicum,virgatum,Panicum virgatum,switchgrass,-43.0,4.0,8.0,12.0,60.0,Medium,Yes,Yes,Yes,Intolerant,Medium,Medium,No,High,0.0,0.0,12.0,Mid Summer,Summer,5.0,Rapid,Long,,No,Medium,
Paulownia,tomentosa,Paulownia tomentosa,paulownia,-8.0,4.0,7.0,30.0,55.0,Medium,Yes,Yes,No,Intolerant,Medium,,No,,400.0,800.0,36.0,Mid Spring,Spring and Summer,70.0,Rapid,Moderate,,No,High,
Pennisetum,setaceum,Pennisetum setaceum,crimson fountaingrass,17.0,6.0,7.0,18.0,40.0,Low,Yes,Yes,No,Intolerant,High,,No,High,1700.0,4800.0,12.0,Mid Summer,Summer,4.0,Moderate,Moderate,,No,High,
Persea,borbonia,Persea borbonia,redbay,7.0,5.0,6.0,40.0,80.0,High,No,Yes,Yes,Tolerant,Low,High,No,,200.0,1200.0,24.0,Late Spring,Spring and Summer,70.0,Moderate,Moderate,,No,High,
Phalaris,arundinacea,Phalaris arundinacea,reed canarygrass,-38.0,5.0,8.0,30.0,65.0,High,No,Yes,Yes,Intolerant,Low,High,No,High,2700.0,4800.0,14.0,Late Spring,"Spring, Summer, Fall",5.0,Rapid,Long,,No,Medium,Slight
Phleum,alpinum,Phleum alpinum,alpine timothy,-43.0,5.0,7.0,16.0,60.0,Medium,No,Yes,Yes,Intermediate,Low,Low,No,High,0.0,0.0,10.0,Late Spring,Spring and Summer,1.0,Slow,Moderate,,No,Low,
Phleum,pratense,Phleum pratense,timothy,-38.0,5.0,7.0,30.0,65.0,Medium,No,Yes,Yes,Intermediate,Low,Low,No,Medium,0.0,0.0,10.0,Late Spring,Spring and Summer,3.0,Rapid,Moderate,,Yes,Low,
Phragmites,communis,Phragmites australis,common reed,-38.0,4.0,8.0,12.0,60.0,Medium,Yes,Yes,Yes,Intolerant,Low,High,No,High,3450.0,4800.0,20.0,Summer,Spring,13.0,Rapid,Long,Low,No,High,
Picea,abies,Picea abies,Norway Spruce,-38.0,5.0,7.0,24.0,60.0,Medium,No,Yes,Yes,Intermediate,Medium,,No,Low,300.0,700.0,28.0,Mid Spring,Spring and Summer,130.0,Slow,Moderate,,No,High,
Picea,engelmannii,Picea engelmannii,Engelmann spruce,-50.0,6.0,8.0,21.0,160.0,Medium,No,Yes,Yes,Tolerant,Low,,No,Low,300.0,700.0,20.0,Late Spring,Spring and Summer,120.0,Slow,Long,,No,High,
Picea,glauca,Picea glauca,white spruce ,-65.0,4.0,8.0,7.0,50.0,Medium,Yes,Yes,Yes,Intermediate,High,,Yes,Low,300.0,700.0,30.0,Late Spring,Summer,100.0,Slow,Moderate,,No,High,
Picea,mariana,Picea mariana,black spruce ,-79.0,4.0,6.0,5.0,60.0,High,Yes,Yes,Yes,Tolerant,Low,Low,Yes,,300.0,700.0,16.0,Late Spring,Summer,65.0,Slow,Moderate,,No,High,
Picea,pungens,Picea pungens,Blue spruce,-38.0,5.0,7.0,20.0,45.0,Medium,Yes,Yes,No,Intermediate,Medium,,No,Low,300.0,700.0,18.0,Late Spring,Spring and Summer,100.0,Slow,Long,,No,High,
Picea,rubens,Picea rubens,red spruce,-47.0,4.0,5.0,28.0,52.0,Medium,Yes,Yes,Yes,Tolerant,Medium,Low,No,,300.0,700.0,13.0,Mid Spring,Spring and Summer,110.0,Moderate,Long,,No,High,
Picea,sitchensis,Picea sitchensis,Sitka spruce,-33.0,3.0,5.0,22.0,225.0,Medium,Yes,Yes,No,Tolerant,Low,Low,No,,300.0,700.0,30.0,Late Spring,Spring and Summer,200.0,Moderate,Long,,No,High,
Pinus,albicaulis,Pinus albicaulis,whitebark pine,-58.0,4.0,8.0,18.0,72.0,Medium,Yes,Yes,No,Intermediate,High,,Yes,,300.0,430.0,16.0,Mid Summer,Summer,65.0,Slow,Long,,No,High,
Pinus,banksiana,Pinus banksiana,jack pine ,-53.0,6.0,8.0,15.0,35.0,Low,Yes,Yes,Yes,Intolerant,Low,,Yes,,430.0,1200.0,20.0,Late Spring,Spring and Summer,80.0,Rapid,Short,,No,High,
Pinus,clausa,Pinus clausa,Sand pine,2.0,4.0,5.0,40.0,65.0,Medium,Yes,No,No,Intermediate,Low,,Yes,,430.0,700.0,28.0,Fall,"Spring, Summer, Fall",80.0,Slow,Short,,No,High,
Pinus,echinata,Pinus echinata,shortleaf pine,-18.0,4.0,6.0,34.0,65.0,Medium,Yes,Yes,Yes,Intolerant,Medium,,Yes,High,430.0,1200.0,24.0,Mid Spring,Spring and Summer,100.0,Rapid,Moderate,,No,High,
Pinus,edulis,Pinus edulis,twoneedle pinyon,-31.0,6.0,8.0,9.0,27.0,Low,Yes,Yes,Yes,Intolerant,High,,Yes,Low,170.0,600.0,20.0,Early Summer,Spring and Summer,50.0,Slow,Long,,Yes,High,
Pinus,elliottii,Pinus elliottii,slash pine ,-18.0,4.0,6.0,40.0,80.0,Medium,No,Yes,Yes,Intolerant,Low,Low,Yes,Low,430.0,1200.0,40.0,Winter,Spring and Summer,100.0,Rapid,Long,,No,High,
Pinus,flexilis,Pinus flexilis,limber pine,-43.0,5.0,6.0,20.0,70.0,Low,No,Yes,No,Intolerant,High,,Yes,Low,430.0,1200.0,20.0,Summer,Summer,66.0,Slow,Long,,No,High,
Pinus,glabra,Pinus glabra,spruce pine,-2.0,3.0,5.0,35.0,66.0,Medium,Yes,Yes,No,Tolerant,Low,High,Yes,,430.0,1200.0,30.0,Late Spring,Spring and Summer,90.0,Rapid,Moderate,,No,High,
Pinus,jeffreyi,Pinus jeffreyi,Jeffrey pine,-38.0,5.0,8.0,20.0,80.0,Medium,Yes,Yes,No,Intolerant,Medium,,Yes,Medium,430.0,1200.0,40.0,Late Spring,Spring and Summer,180.0,Rapid,Long,,No,High,
Pinus,monophylla,Pinus monophylla,singleleaf pine,-23.0,6.0,7.0,11.0,20.0,Low,Yes,Yes,No,Intolerant,High,,Yes,Low,170.0,600.0,40.0,Mid Spring,Spring and Summer,50.0,Slow,Long,,Yes,High,Slight
Pinus,monticola,Pinus monticola,western white pine,-33.0,5.0,7.0,15.0,30.0,Medium,Yes,Yes,No,Intermediate,Low,,Yes,Low,430.0,1200.0,40.0,Mid Spring,Spring and Summer,200.0,Rapid,Long,,No,High,
Pinus,nigra,Pinus nigra,Austrian pine,-38.0,5.0,7.0,35.0,50.0,Medium,No,Yes,No,Intolerant,Medium,,Yes,Low,430.0,1200.0,40.0,Late Spring,Spring,120.0,Moderate,Long,,No,High,
Pinus,palustris,Pinus palustris,longleaf pine ,-3.0,6.0,7.0,40.0,60.0,Medium,Yes,Yes,No,Intolerant,Low,Low,Yes,Medium,430.0,1200.0,40.0,Late Winter,Spring and Summer,120.0,Rapid,Moderate,,No,High,
Pinus,ponderosa,Pinus ponderosa,Ponderosa pine,-36.0,5.0,9.0,15.0,25.0,Medium,Yes,Yes,No,Intolerant,High,,Yes,High,430.0,1200.0,20.0,Mid Spring,Spring and Summer,223.0,Moderate,Long,,No,High,
Pinus,pungens,Pinus pungens,Table Mountain pine ,-18.0,4.0,7.0,36.0,60.0,Low,Yes,Yes,Yes,Intolerant,High,,No,Low,300.0,1200.0,24.0,Mid Spring,Spring and Summer,50.0,,Long,,No,High,
Pinus,radiata,Pinus radiata,Monterey pine,23.0,4.0,5.0,16.0,30.0,High,Yes,Yes,No,Intermediate,Low,,Yes,,430.0,1200.0,30.0,Late Winter,Spring and Summer,120.0,Rapid,Moderate,,No,High,
Pinus,resinosa,Pinus resinosa,red pine ,-43.0,4.0,6.0,15.0,60.0,Low,Yes,Yes,No,Intolerant,Low,,Yes,Low,430.0,1200.0,40.0,Spring,Spring and Summer,80.0,Rapid,Moderate,,No,High,
Pinus,rigida,Pinus rigida,pitch pine,-43.0,3.0,5.0,37.0,56.0,Low,Yes,Yes,No,Intolerant,Medium,Low,Yes,Low,430.0,1200.0,20.0,Spring,Spring and Summer,80.0,Rapid,Moderate,,No,High,
Pinus,sylvestris,Pinus sylvestris,Scotch pine,-36.0,5.0,7.0,24.0,45.0,Medium,Yes,Yes,No,Intolerant,Medium,Medium,Yes,Low,430.0,1200.0,20.0,Mid Spring,Spring and Summer,110.0,Rapid,Moderate,,No,High,
Pinus,taeda,Pinus taeda,loblolly pine ,-8.0,4.0,7.0,35.0,65.0,High,Yes,Yes,Yes,Intolerant,Low,High,Yes,High,430.0,1200.0,35.0,Mid Spring,Spring and Summer,100.0,Rapid,Moderate,,No,High,
Pinus,virginiana,Pinus virginiana,Virginia pine,-23.0,4.0,7.0,32.0,65.0,Low,Yes,Yes,Yes,Intolerant,High,Low,Yes,High,430.0,800.0,20.0,Mid Spring,Spring and Summer,70.0,Rapid,Moderate,,No,High,
Planera,aquatica,Planera aquatica,water elm,-3.0,5.0,8.0,35.0,55.0,Medium,No,Yes,Yes,Tolerant,Low,High,No,Low,300.0,800.0,18.0,Early Spring,Spring and Summer,50.0,Slow,Long,,No,,
Platanus,occidentalis,Platanus occidentalis,American sycamore,-34.0,4.0,6.0,30.0,80.0,High,Yes,Yes,No,Intermediate,Low,Medium,No,Medium,300.0,800.0,30.0,Spring,Spring and Summer,100.0,Rapid,Long,,No,High,
Poa,annua,Poa annua,annual bluegrass,47.0,4.0,8.0,24.0,60.0,Medium,Yes,Yes,Yes,Intermediate,Low,Low,No,Low,0.0,0.0,3.0,Mid Spring,Spring,0.0,Rapid,Short,,No,Low,
Populus,alba,Populus alba,silver poplar,-38.0,4.0,7.0,24.0,55.0,High,Yes,Yes,Yes,Intolerant,Medium,Low,No,High,170.0,300.0,24.0,Early Spring,Spring and Summer,100.0,Rapid,Moderate,,No,High,
Populus,balsamifera,Populus balsamifera,balsam poplar,-43.0,4.0,7.0,20.0,70.0,High,Yes,Yes,Yes,Intolerant,Low,Medium,No,High,300.0,800.0,30.0,Late Spring,Spring and Summer,80.0,Rapid,Moderate,,No,High,
Populus,deltoides,Populus deltoides sub monilifera,plains cottonwood,-43.0,5.0,7.0,20.0,30.0,High,Yes,Yes,Yes,Intolerant,High,Medium,No,,170.0,800.0,24.0,Mid Spring,Spring and Summer,85.0,Rapid,Short,,No,High,
Populus,deltoides,Populus deltoides,eastern cottonwood ,-43.0,4.0,6.0,20.0,55.0,High,Yes,Yes,Yes,Intolerant,Medium,High,No,High,170.0,800.0,24.0,Spring,Spring and Summer,190.0,Rapid,Short,,No,High,
Populus,grandidentata,Populus grandidentata,bigtooth aspen ,-43.0,4.0,7.0,20.0,110.0,High,Yes,Yes,No,Intolerant,Low,Low,No,,300.0,800.0,20.0,Mid Spring,Spring and Summer,65.0,Rapid,Short,,No,Medium,
Populus,heterophylla,Populus heterophylla,swamp cottonwood,-23.0,4.0,5.0,35.0,60.0,High,No,Yes,Yes,Intolerant,Low,High,No,Medium,300.0,1200.0,24.0,Mid Spring,Spring and Summer,100.0,Moderate,Short,,No,High,
Populus,tremuloides,Populus tremuloides,quaking aspen ,-38.0,6.0,9.0,20.0,40.0,High,Yes,Yes,Yes,Intolerant,Low,Low,No,High,300.0,1200.0,32.0,Mid Spring,Spring and Summer,65.0,Rapid,Short,,No,Medium,
Prosopis,juliflora,Prosopis glandulosa var. glandulosa,honey mesquite,-13.0,7.0,8.0,5.0,12.0,Low,Yes,Yes,Yes,Intolerant,High,Low,No,High,10.0,170.0,12.0,Early Spring,Spring and Summer,50.0,Rapid,Long,,No,Medium,
Prosopis,pubescens,Prosopis pubescens,screwbean mesquite,-3.0,7.0,9.0,6.0,15.0,Medium,Yes,Yes,Yes,Intermediate,Medium,,No,Medium,50.0,1200.0,24.0,Early Spring,"Spring, Summer, Fall",25.0,Rapid,Moderate,,No,High,
Prunus,pensylvanica,Prunus pensylvanica,pin cherry ,-38.0,4.0,6.0,16.0,80.0,Medium,Yes,Yes,Yes,Intolerant,Low,Low,Yes,High,300.0,800.0,20.0,Mid Spring,Spring and Summer,30.0,Rapid,Short,,No,High,Moderate
Prunus,pumila,Prunus pumila var. besseyi,western sandcherry,-38.0,5.0,7.0,12.0,24.0,Medium,Yes,Yes,No,Intolerant,Low,,Yes,Medium,4800.0,11000.0,20.0,Early Spring,Spring and Summer,3.0,Moderate,Moderate,,No,Medium,
Prunus,serotina,Prunus serotina,black cherry ,-33.0,5.0,7.0,21.0,50.0,Medium,Yes,Yes,No,Intolerant,Medium,,Yes,Low,300.0,800.0,36.0,Late Spring,Spring and Summer,80.0,Rapid,Moderate,,No,High,Severe
Prunus,virginiana,Prunus virginiana,chokecherry ,-43.0,5.0,8.0,13.0,65.0,Medium,Yes,Yes,Yes,Intolerant,Medium,Medium,Yes,High,682.0,2728.0,20.0,Mid Spring,Spring and Summer,25.0,Rapid,Short,,Yes,High,Severe
Pseudotsuga,menziesii,Pseudotsuga menziesii,Douglas-fir,-33.0,5.0,7.0,18.0,100.0,Medium,Yes,Yes,No,Intermediate,Low,Low,Yes,Low,300.0,1200.0,26.0,Mid Spring,Spring and Summer,200.0,Moderate,Long,,No,High,
Psidium,guajava,Psidium guajava,guava,33.0,5.0,7.0,40.0,150.0,Medium,Yes,Yes,Yes,Intermediate,Medium,Low,No,Medium,100.0,400.0,36.0,Spring,Year Round,25.0,Moderate,Long,,No,Medium,
Quercus,alba,Quercus alba,white oak ,-43.0,4.0,6.0,36.0,50.0,Medium,Yes,Yes,No,Intermediate,Medium,,No,Medium,300.0,800.0,48.0,Mid Spring,Spring and Summer,100.0,Slow,Long,,No,High,
Quercus,bicolor,Quercus bicolor,swamp white oak ,-28.0,4.0,6.0,36.0,48.0,High,Yes,Yes,Yes,Intermediate,Low,Medium,No,Medium,300.0,800.0,40.0,Early Spring,Spring and Summer,100.0,Rapid,Long,,No,High,
Quercus,coccinea,Quercus coccinia,scarlet oak ,-28.0,4.0,6.0,30.0,55.0,Medium,Yes,Yes,No,Intolerant,Medium,,Yes,High,300.0,800.0,48.0,Mid Spring,Spring and Summer,90.0,Rapid,Long,,No,High,
Quercus,falcata,Quercus falcata,southern red oak,-13.0,4.0,7.0,35.0,50.0,Medium,Yes,Yes,Yes,Intermediate,High,,Yes,Low,300.0,800.0,36.0,Mid Spring,Spring and Summer,100.0,Slow,Long,,No,High,
Quercus,imbricaria,Quercus imbricaria,shingle oak,-18.0,4.0,6.0,24.0,48.0,Medium,Yes,Yes,No,Intolerant,Medium,Low,Yes,Low,300.0,700.0,24.0,Late Spring,Spring and Summer,45.0,Moderate,Moderate,,No,High,
Quercus,kelloggii,Quercus kelloggii,California black oak,-3.0,5.0,7.0,12.0,100.0,Medium,Yes,Yes,No,Intolerant,Medium,,Yes,Low,300.0,800.0,36.0,Late Spring,Spring and Summer,85.0,Slow,Long,,No,High,
Quercus,laevis,Quercus laevis,turkey oak,-3.0,4.0,5.0,40.0,60.0,Medium,Yes,Yes,No,Intolerant,High,,Yes,Medium,300.0,800.0,30.0,Late Spring,Spring and Summer,40.0,Rapid,Short,,No,High,
Quercus,laurifolia,Quercus laurifolia,laurel oak,-3.0,4.0,6.0,40.0,60.0,Medium,Yes,Yes,No,Tolerant,Low,Medium,No,Medium,300.0,800.0,36.0,Early Spring,Spring and Summer,70.0,Rapid,Short,,No,High,
Quercus,macrocarpa,Quercus macrocarpa,bur oak ,-38.0,4.0,7.0,15.0,50.0,Medium,Yes,Yes,Yes,Intermediate,High,,Yes,High,300.0,800.0,28.0,Mid Spring,Spring and Summer,100.0,Slow,Long,,No,High,
Quercus,marilandica,Quercus marilandica,blackjack oak,-13.0,4.0,5.0,17.0,48.0,Low,Yes,Yes,No,Intolerant,High,,Yes,Low,300.0,700.0,24.0,Mid Spring,Spring and Summer,25.0,Slow,Long,,No,High,
Quercus,michauxii,Quercus michauxii,swamp chestnut oak,-23.0,4.0,6.0,36.0,60.0,Medium,No,Yes,No,Intolerant,Low,,No,Low,300.0,800.0,28.0,Mid Spring,Spring and Summer,100.0,Moderate,Moderate,,No,High,
Quercus,muehlenbergii,Quercus muehlenbergii,chinkapin oak,-33.0,6.0,8.0,10.0,80.0,Medium,No,Yes,No,Intolerant,High,,No,Low,300.0,800.0,28.0,Mid Spring,Spring and Summer,80.0,Moderate,Long,,No,High,
Quercus,nigra,Quercus nigra,water oak ,-23.0,4.0,5.0,40.0,65.0,High,No,Yes,Yes,Intolerant,Low,Medium,Yes,High,300.0,800.0,40.0,Mid Spring,Spring and Summer,90.0,Rapid,Moderate,,No,High,
Quercus,pagoda,Quercus pagoda,cherrybark oak ,-3.0,4.0,6.0,40.0,60.0,Medium,No,Yes,No,Intermediate,Low,,Yes,Low,300.0,800.0,36.0,Mid Spring,Spring and Summer,110.0,Moderate,Moderate,,No,High,
Quercus,palustris,Quercus palustris,pin oak,-33.0,4.0,6.0,32.0,50.0,High,No,Yes,Yes,Intolerant,Low,Medium,Yes,Medium,300.0,800.0,30.0,Spring,Spring and Summer,100.0,Rapid,Moderate,,No,High,
Quercus,prinus,Quercus prinus,chestnut oak ,-18.0,4.0,7.0,35.0,65.0,Medium,Yes,Yes,No,Intermediate,Medium,,No,Medium,300.0,800.0,36.0,Mid Spring,Spring and Summer,80.0,Slow,Long,,No,High,
Quercus,rubra,Quercus rubra,northern red oak ,-28.0,4.0,6.0,32.0,80.0,Medium,No,Yes,Yes,Intermediate,Medium,,Yes,High,300.0,800.0,36.0,Mid Spring,Spring and Summer,100.0,Moderate,Long,,No,High,
Quercus,shumardii,Quercus shumardii,Shumard's oak,-13.0,5.0,7.0,25.0,60.0,Medium,Yes,Yes,No,Intolerant,High,,Yes,Low,300.0,800.0,40.0,Early Spring,Spring and Summer,110.0,Moderate,Long,,No,High,
Quercus,stellata,Quercus stellata,post oak,-33.0,4.0,7.0,35.0,60.0,Medium,Yes,Yes,Yes,Intolerant,High,Low,No,Medium,300.0,800.0,36.0,Early Spring,Spring and Summer,80.0,Slow,Long,,No,High,
Quercus,velutina,Quercus velutina,black oak ,-28.0,4.0,6.0,30.0,65.0,Medium,Yes,Yes,Yes,Intermediate,Low,Low,Yes,,300.0,1200.0,40.0,Early Spring,Spring and Summer,90.0,Moderate,Moderate,,No,High,
Quercus,virginiana,Quercus virginiana,live oak,7.0,4.0,6.0,32.0,65.0,Medium,Yes,Yes,No,Intermediate,Medium,Medium,No,Low,300.0,1200.0,40.0,Early Spring,Spring and Summer,50.0,Rapid,Long,,No,High,
Ratibida,pinnata,Ratibida pinnata,pinnate prairie coneflower,-38.0,5.0,6.0,18.0,60.0,Medium,Yes,Yes,No,Intolerant,Medium,,No,High,2700.0,4800.0,14.0,Late Spring,Spring and Summer,4.0,Moderate,Moderate,,No,Medium,
Rhododendron,maximum,Rhododendron maximum,great laurel,-13.0,4.0,5.0,36.0,60.0,Medium,Yes,Yes,No,Tolerant,High,Low,No,Medium,170.0,680.0,18.0,Mid Spring,Spring and Summer,25.0,Slow,Long,,Yes,High,Moderate
Rhus,glabra,Rhus glabra,smooth sumac,-33.0,5.0,7.0,30.0,60.0,Low,Yes,Yes,No,Intolerant,Medium,Low,No,High,300.0,1200.0,24.0,Mid Spring,Spring and Summer,12.0,Moderate,Short,,No,High,
Robinia,pseudoacacia,Robinia pseudoacacia,black locust ,-33.0,4.0,8.0,16.0,65.0,Medium,Yes,Yes,Yes,Intolerant,High,Low,No,High,300.0,1200.0,36.0,Spring,Spring,80.0,Rapid,Short,Medium,No,Medium,
Rosmarinus,officinalis,Rosmarinus officinalis,rosemary,-3.0,5.0,7.0,14.0,45.0,Low,Yes,Yes,No,Intolerant,High,,No,Medium,2700.0,4850.0,14.0,Mid Spring,Spring and Summer,5.0,Moderate,Long,,No,High,
Rubus,argutus,Rubus argutus,sawtooth blackberry,-13.0,4.0,7.0,40.0,50.0,Medium,Yes,Yes,Yes,Intolerant,Medium,Low,Yes,Medium,1746.0,3450.0,12.0,Spring,Spring,8.0,Rapid,Moderate,,No,,
Sabal,palmetto,Sabal palmetto,cabbage palmetto,7.0,6.0,6.0,30.0,70.0,Medium,No,Yes,Yes,Tolerant,Low,Low,No,Low,300.0,1200.0,18.0,Summer,Spring and Summer,90.0,Slow,Moderate,,No,High,
Salix,alba,Salix alba,white willow,-33.0,4.0,7.0,20.0,90.0,High,Yes,Yes,Yes,Intolerant,Low,High,No,High,300.0,300.0,24.0,Early Spring,Spring and Summer,70.0,Rapid,Moderate,,No,High,
Salix,amygdaloides,Salix amygdaloides,peachleaf willow,-33.0,6.0,8.0,24.0,60.0,High,Yes,Yes,No,Intolerant,Low,Medium,Yes,High,170.0,700.0,30.0,Late Spring,Spring and Summer,60.0,Rapid,Short,,No,Medium,
Salix,candida,Salix candida,sageleaf willow,-33.0,5.0,7.0,24.0,55.0,High,Yes,Yes,Yes,Intermediate,Low,High,No,High,1200.0,1700.0,18.0,Late Spring,Spring and Summer,6.0,Rapid,Moderate,,No,High,
Salix,caroliniana,Salix caroliniana,costal plain willow,2.0,4.0,7.0,30.0,60.0,High,Yes,Yes,Yes,Intermediate,Medium,Medium,No,Medium,300.0,700.0,20.0,Early Spring,Spring,33.0,Rapid,Long,,No,,
Salix,nigra,Salix nigra,black willow ,-33.0,4.0,8.0,20.0,65.0,High,Yes,Yes,Yes,Intolerant,Low,High,No,High,300.0,1200.0,32.0,Early Spring,Spring and Summer,100.0,Rapid,Short,,No,Medium,
Salix,sepulcralis,Salix sepulcralis,weeping willow,-23.0,4.0,7.0,30.0,90.0,High,Yes,Yes,Yes,Intolerant,Medium,High,No,High,170.0,300.0,24.0,Early Spring,Spring and Summer,70.0,Rapid,Short,,No,High,
Sambucus,canadensis,Sambucus nigra ssp. canadensis,American black elderberry,-28.0,5.0,7.0,34.0,60.0,Medium,No,Yes,No,Intolerant,Medium,,Yes,Medium,700.0,1700.0,16.0,Spring,Spring and Summer,7.0,Rapid,Moderate,,No,High,
Sambucus,nigra,Sambucus nigra ssp. canadensis,American black elderberry,-28.0,5.0,7.0,34.0,60.0,Medium,No,Yes,No,Intolerant,Medium,,Yes,Medium,700.0,1700.0,16.0,Spring,Spring and Summer,7.0,Rapid,Moderate,,No,High,
Sapindus,saponaria,Sapindus saponaria var drummondii,western soapberry,-13.0,7.0,8.0,10.0,15.0,Low,Yes,Yes,Yes,Intolerant,High,,Yes,,300.0,1200.0,12.0,Spring,Summer,20.0,Moderate,Long,,No,High,Moderate
Sassafras,albidum,Sassafras albidum,sassafras ,-23.0,4.0,7.0,35.0,55.0,Low,Yes,Yes,No,Intolerant,High,,Yes,High,300.0,1200.0,18.0,Late Spring,Spring and Summer,75.0,Slow,Moderate,,No,High,
Senecio,vulgaris,Senecio vulgaris,old-man-in-the-Spring,47.0,5.0,8.0,16.0,55.0,Medium,Yes,Yes,Yes,Intolerant,Medium,,No,Low,0.0,0.0,8.0,Early Spring,Spring and Summer,2.0,Rapid,Short,,No,High,Slight
Simmondsia,chinensis,Simmondsia chinensis,jojoba,-3.0,7.0,8.0,2.0,10.0,Low,Yes,Yes,No,Intolerant,High,,No,High,10.0,1200.0,12.0,Late Spring,Summer and Fall,7.0,Moderate,Long,,No,Medium,
Solidago,gigantea,Solidago gigantea,giant goldenrod,-33.0,4.0,8.0,14.0,50.0,Medium,No,Yes,Yes,Intermediate,Medium,Low,No,,0.0,0.0,16.0,Indeterminate,Summer,8.0,Moderate,Moderate,,No,,
Sophora,chrysophylla,Sophora chrysophylla,mamani,24.0,5.0,7.0,40.0,150.0,Medium,Yes,Yes,Yes,Intermediate,Medium,,No,Medium,400.0,1600.0,24.0,Winter,Year Round,40.0,Moderate,Long,Medium,No,Low,
Sorbus,americana,Sorbus americana,American mountain-ash ,-38.0,5.0,6.0,24.0,60.0,Medium,Yes,Yes,Yes,Intermediate,Low,Low,Yes,Low,300.0,1200.0,28.0,Early Summer,Spring and Summer,40.0,Moderate,Moderate,,No,High,
Sorbus,aucuparia,Sorbus aucuparia,European mountain-ash,-33.0,5.0,7.0,28.0,60.0,Medium,Yes,Yes,No,Intermediate,Low,,Yes,,300.0,1200.0,28.0,Late Spring,Spring and Summer,40.0,Rapid,Moderate,,No,High,
Swietenia,macrophylla,Swietenia macrophylla,Honduras mahogany,17.0,4.0,7.0,30.0,100.0,Low,No,Yes,Yes,Intolerant,High,Low,No,,10.0,300.0,60.0,Spring,Year Round,60.0,Rapid,Long,,No,High,
Syringa,vulgaris,Syringa vulgaris,common lilac,-38.0,5.0,7.0,30.0,50.0,Medium,Yes,Yes,Yes,Intermediate,Medium,,Yes,High,700.0,1200.0,14.0,Late Spring,Spring and Summer,20.0,Moderate,Moderate,,No,Low,
Tabebuia,heterophylla,Tabebuia heterophylla,white cedar,47.0,4.0,8.0,33.0,98.0,High,Yes,Yes,Yes,Intolerant,Low,Low,No,,300.0,1200.0,30.0,Spring,"Spring, Summer, Fall",75.0,Rapid,Moderate,,No,High,
Taxodium,distichum,Taxodium distichum,baldcypress,-18.0,4.0,6.0,40.0,65.0,High,Yes,Yes,Yes,Intermediate,Low,High,Yes,Low,300.0,800.0,40.0,Mid Spring,Spring and Summer,130.0,Rapid,Long,,No,High,
Taxus,baccata,Taxus baccata,English yew,-28.0,5.0,7.0,35.0,50.0,Medium,No,Yes,No,Tolerant,Medium,,Yes,,300.0,1200.0,16.0,Spring,Spring and Summer,40.0,Slow,Moderate,,No,High,Moderate
Taxus,brevifolia,Taxus brevifolia,Pacific yew,-18.0,6.0,7.0,24.0,60.0,Low,No,Yes,No,Tolerant,Medium,,Yes,Low,300.0,700.0,36.0,Early Summer,Spring and Summer,40.0,Slow,Long,,No,High,Moderate
Taxus,canadensis,Taxus canadensis,Canada yew,-28.0,5.0,7.0,12.0,50.0,Medium,No,No,Yes,Tolerant,Medium,,Yes,,1200.0,4800.0,24.0,Spring,Spring and Summer,5.0,Moderate,Long,,No,High,Moderate
Thuja,occidentalis,Thuja occidentalis,northern white-cedar,-33.0,5.0,7.0,35.0,55.0,Medium,Yes,Yes,Yes,Intermediate,Low,Medium,Yes,Low,300.0,1200.0,30.0,Mid Spring,Spring and Summer,50.0,Slow,Long,,No,High,
Thuja,plicata,Thuja plicata,western redcedar,-33.0,5.0,7.0,30.0,120.0,Medium,No,Yes,No,Tolerant,Low,,Yes,Low,300.0,1200.0,30.0,Mid Spring,Spring and Summer,150.0,Slow,Long,,No,High,
Tilia,americana,Tilia americana,american basswood ,-38.0,4.0,7.0,21.0,45.0,Medium,Yes,Yes,No,Tolerant,Medium,,Yes,High,300.0,800.0,30.0,Late Spring,Spring and Summer,130.0,Moderate,Moderate,,No,High,
Tilia,americana,Tilia americana var. heterophylla,American basswood,-8.0,5.0,7.0,35.0,65.0,High,No,Yes,No,Tolerant,Low,,Yes,Low,300.0,800.0,40.0,Early Summer,Spring and Summer,90.0,Moderate,Moderate,,No,High,
Tilia,cordata,Tilia cordata,littleleaf linden,-33.0,4.0,7.0,30.0,60.0,Medium,Yes,Yes,No,Intermediate,Medium,,Yes,High,300.0,800.0,26.0,Early Summer,Spring and Summer,100.0,Moderate,Moderate,,No,High,
Trifolium,pratense,Trifolium pratense,red clover,-24.0,6.0,7.0,32.0,65.0,Medium,Yes,Yes,Yes,Intolerant,Low,,No,Medium,0.0,0.0,12.0,Late Spring,Spring and Summer,2.0,Rapid,Short,High,No,Low,
Triticum,aestivum,Triticum aestivum,common wheat,-28.0,5.0,8.0,10.0,66.0,Low,Yes,Yes,Yes,Tolerant,Medium,,No,,0.0,0.0,18.0,Early Spring,"Fall, Winter and Spring",3.0,Rapid,Short,,No,Low,
Tsuga,canadensis,Tsuga canadensis,eastern hemlock ,-33.0,4.0,5.0,32.0,55.0,Medium,Yes,Yes,No,Tolerant,Low,,Yes,Medium,300.0,1200.0,28.0,Mid Spring,Spring and Summer,105.0,Slow,Long,,No,High,
Tsuga,caroliniana,Tsuga caroliniana,Carolina hemlock,2.0,4.0,5.0,35.0,60.0,Medium,Yes,Yes,No,Tolerant,Low,,Yes,Low,300.0,1200.0,28.0,Mid Spring,Spring and Summer,65.0,Slow,Moderate,,No,High,
Tsuga,heterophylla,Tsuga heterophylla,western hemlock,-23.0,4.0,6.0,38.0,150.0,Medium,No,Yes,No,Tolerant,Low,,Yes,Low,300.0,1200.0,36.0,Mid Spring,Spring and Summer,170.0,Slow,Long,,No,High,
Ulmus,alata,Ulmus alata,winged elm,-13.0,5.0,7.0,40.0,65.0,Medium,No,Yes,Yes,Tolerant,Low,,No,,300.0,800.0,40.0,Early Spring,Spring and Summer,65.0,Moderate,Short,,No,High,
Ulmus,americana,Ulmus americana,American elm ,-43.0,5.0,8.0,15.0,60.0,High,Yes,Yes,Yes,Intermediate,Medium,Low,Yes,Low,300.0,800.0,42.0,Early Spring,Spring and Summer,120.0,Rapid,Moderate,,No,High,
Ulmus,crassifolia,Ulmus crassifolia,cedar elm,2.0,5.0,7.0,18.0,58.0,Medium,Yes,Yes,Yes,Intermediate,Medium,,Yes,Low,300.0,800.0,24.0,Late Summer,Spring and Summer,90.0,Rapid,Short,,No,High,
Ulmus,parvifolia,Ulmus parvifolia,Chinese elm,-13.0,4.0,7.0,16.0,55.0,Medium,Yes,Yes,Yes,Intolerant,Medium,,Yes,Medium,300.0,800.0,24.0,Late Summer,Spring and Summer,60.0,Rapid,Moderate,,No,High,
Ulmus,pumila,Ulmus pumila,Siberian elm,-38.0,5.0,8.0,16.0,50.0,Medium,Yes,Yes,Yes,Intolerant,High,,Yes,Low,300.0,800.0,24.0,Mid Spring,Spring and Summer,70.0,Rapid,Short,,No,High,
Ulmus,rubra,Ulmus rubra,slippery elm ,-43.0,5.0,7.0,25.0,65.0,High,Yes,Yes,Yes,Tolerant,Medium,,Yes,,300.0,800.0,40.0,Late Winter,Spring and Summer,85.0,Rapid,Moderate,,No,High,
Ulmus,serotina,Ulmus serotina,September elm,-23.0,5.0,8.0,35.0,60.0,Medium,Yes,Yes,Yes,Tolerant,Medium,,Yes,Low,300.0,800.0,24.0,Late Summer,Spring and Summer,70.0,Rapid,Short,,No,High,
Ulmus,thomasii,Ulmus thomasii,rock elm,-53.0,4.0,7.0,25.0,50.0,High,Yes,Yes,No,Intermediate,Low,,No,Medium,300.0,800.0,40.0,Mid Spring,Spring and Summer,95.0,Moderate,Long,,No,Medium,
Umbellularia,californica,Umbellularia californica,California laurel,7.0,5.0,7.0,15.0,84.0,High,Yes,Yes,Yes,Tolerant,Low,,No,Medium,300.0,800.0,16.0,Spring,"Spring, Summer, Fall",80.0,Moderate,Long,,No,High,Slight
Vaccinium,angustifolium,Vaccinium angustifolium,lowbush blueberry,-33.0,4.0,7.0,32.0,50.0,Medium,Yes,Yes,Yes,Intolerant,Medium,Low,Yes,Medium,1200.0,1700.0,16.0,Early Summer,Spring and Summer,2.0,Moderate,Moderate,,No,Medium,
Vaccinium,arboreum,Vaccinium arboreum,farkleberry,-13.0,4.0,7.0,35.0,60.0,Medium,Yes,Yes,No,Tolerant,Medium,Low,Yes,Medium,1746.0,3450.0,12.0,Late Summer,Spring and Summer,28.0,Moderate,Long,,No,,
Vaccinium,corymbosum,Vaccinium corymbosum,highbush blueberry,-33.0,4.0,7.0,32.0,50.0,Medium,Yes,Yes,Yes,Tolerant,Low,Medium,No,High,1200.0,1700.0,16.0,Early Summer,Spring and Summer,12.0,Moderate,Moderate,,No,Medium,
Vaccinium,uliginosum,Vaccinium uliginosum,bog blueberry,-38.0,4.0,5.0,18.0,45.0,Medium,No,Yes,No,Intermediate,Low,,Yes,High,2700.0,4800.0,12.0,Early Summer,Spring and Summer,2.0,Moderate,Moderate,,No,Medium,
Miscanthus,sinensis,Miscanthus sinensis,Chinese silvergrass,-18.0,4.0,7.0,24.0,55.0,Medium,Yes,Yes,Yes,Intolerant,Medium,Low,No,High,2700.0,10000.0,14.0,Early Summer,Spring and Summer,5.0,Moderate,Long,,No,Medium,
Populus,balsimifera spp. trichocarpa,Populus balsamifera ssp. trichocarpa,black cottonwood,-48.0,5.0,7.0,20.0,125.0,High,Yes,Yes,Yes,Intolerant,Low,Medium,No,Low,300.0,800.0,30.0,Mid Spring,Spring and Summer,100.0,Rapid,Moderate,,No,High,
Salix,discolor,Salix discolor,pussy willow,-33.0,4.0,7.0,20.0,50.0,High,Yes,Yes,Yes,Tolerant,Low,High,No,Medium,300.0,700.0,20.0,Winter,Spring,40.0,Rapid,Long,,No,,
Salix,eriocephala,Salix eriocephala,Missouri River willow,-38.0,4.0,7.0,20.0,50.0,High,No,Yes,Yes,Tolerant,Low,High,No,Medium,300.0,700.0,20.0,Spring,Spring,52.0,Rapid,Long,,No,,
Populus,nigra,Populus nigra,Lombardy poplar,-28.0,5.0,8.0,20.0,50.0,High,Yes,Yes,No,Intolerant,Low,,No,High,300.0,1200.0,32.0,Early Spring,Spring and Summer,190.0,Rapid,Short,,No,High,
Avena,sativa,Avena sativa,common oat,-23.0,5.0,8.0,25.0,65.0,Medium,Yes,Yes,Yes,Intolerant,Low,Low,No,,0.0,0.0,8.0,Late Spring,Spring and Summer,2.0,Rapid,Short,,No,Low,
Brassica,napus,Brassica napus,rape,17.0,6.0,7.0,40.0,80.0,Medium,No,Yes,Yes,Intolerant,Low,,No,,0.0,0.0,6.0,Early Spring,"Fall, Winter and Spring",4.0,Rapid,Short,,No,Low,
Ceanothus,megacarpus,Ceanothus megacarpus,bigpod ceanothus,24.0,7.0,8.0,9.0,24.0,Low,Yes,Yes,No,Intolerant,High,,Yes,Medium,300.0,700.0,12.0,Late Winter,Summer and Fall,13.0,Moderate,Moderate,Low,No,High,
Encelia,farinosa,Encelia farinosa,brittlebush,27.0,7.0,8.0,5.0,10.0,Low,Yes,Yes,Yes,Intolerant,High,,No,,7000.0,12000.0,12.0,Winter,"Fall, Winter and Spring",5.0,Rapid,Short,,Yes,High,
Glycine,max,Glycine max,soybean,-28.0,5.0,7.0,32.0,50.0,Medium,Yes,Yes,Yes,Intolerant,Medium,Low,No,,0.0,0.0,8.0,Mid Summer,Summer,1.0,Rapid,Short,Medium,No,Low,
Glycine,max,Glycine max,soybean,-28.0,5.0,7.0,32.0,50.0,Medium,Yes,Yes,Yes,Intolerant,Medium,Low,No,,0.0,0.0,8.0,Mid Summer,Summer,1.0,Rapid,Short,Medium,No,Low,
Glycine,max,Glycine max,soybean,-28.0,5.0,7.0,32.0,50.0,Medium,Yes,Yes,Yes,Intolerant,Medium,Low,No,,0.0,0.0,8.0,Mid Summer,Summer,1.0,Rapid,Short,Medium,No,Low,
Glycine,max,Glycine max,soybean,-28.0,5.0,7.0,32.0,50.0,Medium,Yes,Yes,Yes,Intolerant,Medium,Low,No,,0.0,0.0,8.0,Mid Summer,Summer,1.0,Rapid,Short,Medium,No,Low,
Helianthus,annuus,Helianthus annuus,common sunflower,52.0,5.0,7.0,12.0,60.0,Medium,Yes,Yes,Yes,Intolerant,Medium,Low,No,,4800.0,11000.0,8.0,Summer,Summer,9.0,Rapid,Short,,No,,
Helianthus,annuus,Helianthus annuus,common sunflower,52.0,5.0,7.0,12.0,60.0,Medium,Yes,Yes,Yes,Intolerant,Medium,Low,No,,4800.0,11000.0,8.0,Summer,Summer,9.0,Rapid,Short,,No,,
Helianthus,annuus,Helianthus annuus,common sunflower,52.0,5.0,7.0,12.0,60.0,Medium,Yes,Yes,Yes,Intolerant,Medium,Low,No,,4800.0,11000.0,8.0,Summer,Summer,9.0,Rapid,Short,,No,,
Helianthus,annuus,Helianthus annuus,common sunflower,52.0,5.0,7.0,12.0,60.0,Medium,Yes,Yes,Yes,Intolerant,Medium,Low,No,,4800.0,11000.0,8.0,Summer,Summer,9.0,Rapid,Short,,No,,
Lolium,perenne,Lolium perenne,perennial ryegrass,-18.0,5.0,8.0,30.0,65.0,High,No,Yes,Yes,Intolerant,Low,Low,No,Low,0.0,0.0,10.0,Mid Spring,Spring and Fall,4.0,Rapid,Short,,No,Low,
Solanum,lycopersicum var. lyccopersicum,Solanum lycopersicum var. lycopersicum,garden tomato,32.0,5.0,7.0,60.0,80.0,High,No,Yes,Yes,Intermediate,Low,Low,No,,1700.0,2700.0,24.0,Indeterminate,Year Round,6.0,Rapid,Short,,No,Medium,Slight
Solanum,lycopersicum var. lyccopersicum,Solanum lycopersicum var. lycopersicum,garden tomato,32.0,5.0,7.0,60.0,80.0,High,No,Yes,Yes,Intermediate,Low,Low,No,,1700.0,2700.0,24.0,Indeterminate,Year Round,6.0,Rapid,Short,,No,Medium,Slight
Manihot,esculenta,Manihot esculenta,cassava,17.0,5.0,5.0,60.0,80.0,Medium,No,Yes,Yes,Intolerant,Low,Low,No,,1700.0,2700.0,24.0,Indeterminate,Year Round,10.0,Rapid,Short,,No,Medium,Slight
Nerium,oleander,Nerium oleander,oleander,14.0,5.0,7.0,14.0,60.0,Low,Yes,Yes,Yes,Intolerant,High,,No,High,700.0,1200.0,16.0,Summer,"Spring, Summer, Fall",12.0,Rapid,Moderate,,No,High,Moderate
Nerium,oleander,Nerium oleander,oleander,14.0,5.0,7.0,14.0,60.0,Low,Yes,Yes,Yes,Intolerant,High,,No,High,700.0,1200.0,16.0,Summer,"Spring, Summer, Fall",12.0,Rapid,Moderate,,No,High,Moderate
Pachysandra,terminalis,Pachysandra terminalis,Japanese pachysandra,-28.0,5.0,7.0,36.0,60.0,High,Yes,Yes,Yes,Tolerant,Low,,No,High,4800.0,43000.0,12.0,Early Summer,Spring and Summer,1.0,Slow,Moderate,,No,Medium,
Populus,fremontii,Populus fremontii,Fremont cottonwood,-13.0,6.0,8.0,20.0,26.0,High,Yes,Yes,Yes,Intolerant,Medium,Medium,No,Medium,300.0,800.0,32.0,Early Spring,Spring and Summer,90.0,Rapid,Moderate,,No,High,
Senecio,vulgaris,Senecio vulgaris,old-man-in-the-Spring,47.0,5.0,8.0,16.0,55.0,Medium,Yes,Yes,Yes,Intolerant,Medium,,No,Low,0.0,0.0,8.0,Early Spring,Spring and Summer,2.0,Rapid,Short,,No,High,Slight
Simmondsia,chinensis,Simmondsia chinensis,jojoba,-3.0,7.0,8.0,2.0,10.0,Low,Yes,Yes,No,Intolerant,High,,No,High,10.0,1200.0,12.0,Late Spring,Summer and Fall,7.0,Moderate,Long,,No,Medium,
Trifolium,repens,Trifolium repens,white clover,-39.0,6.0,7.0,24.0,70.0,Medium,No,Yes,Yes,Intolerant,Low,Low,No,Medium,0.0,0.0,12.0,Late Spring,"Spring, Summer, Fall",1.0,Moderate,Moderate,Medium,No,Low,Slight
Triticum,aestivum,Triticum aestivum,common wheat,-28.0,5.0,8.0,10.0,66.0,Low,Yes,Yes,Yes,Tolerant,Medium,,No,,0.0,0.0,18.0,Early Spring,"Fall, Winter and Spring",3.0,Rapid,Short,,No,Low,
Triticum,aestivum,Triticum aestivum,common wheat,-28.0,5.0,8.0,10.0,66.0,Low,Yes,Yes,Yes,Tolerant,Medium,,No,,0.0,0.0,18.0,Early Spring,"Fall, Winter and Spring",3.0,Rapid,Short,,No,Low,
Triticum,aestivum,Triticum aestivum,common wheat,-28.0,5.0,8.0,10.0,66.0,Low,Yes,Yes,Yes,Tolerant,Medium,,No,,0.0,0.0,18.0,Early Spring,"Fall, Winter and Spring",3.0,Rapid,Short,,No,Low,
Triticum,aestivum,Triticum aestivum,common wheat,-28.0,5.0,8.0,10.0,66.0,Low,Yes,Yes,Yes,Tolerant,Medium,,No,,0.0,0.0,18.0,Early Spring,"Fall, Winter and Spring",3.0,Rapid,Short,,No,Low,
Triticum,aestivum,Triticum aestivum,common wheat,-28.0,5.0,8.0,10.0,66.0,Low,Yes,Yes,Yes,Tolerant,Medium,,No,,0.0,0.0,18.0,Early Spring,"Fall, Winter and Spring",3.0,Rapid,Short,,No,Low,
Triticum,aestivum,Triticum aestivum,common wheat,-28.0,5.0,8.0,10.0,66.0,Low,Yes,Yes,Yes,Tolerant,Medium,,No,,0.0,0.0,18.0,Early Spring,"Fall, Winter and Spring",3.0,Rapid,Short,,No,Low,
Triticum,aestivum,Triticum aestivum,common wheat,-28.0,5.0,8.0,10.0,66.0,Low,Yes,Yes,Yes,Tolerant,Medium,,No,,0.0,0.0,18.0,Early Spring,"Fall, Winter and Spring",3.0,Rapid,Short,,No,Low,
Vaccinium,corymbosum,Vaccinium corymbosum,highbush blueberry,-33.0,4.0,7.0,32.0,50.0,Medium,Yes,Yes,Yes,Tolerant,Low,Medium,No,High,1200.0,1700.0,16.0,Early Summer,Spring and Summer,12.0,Moderate,Moderate,,No,Medium,
Vaccinium,corymbosum,Vaccinium corymbosum,highbush blueberry,-33.0,4.0,7.0,32.0,50.0,Medium,Yes,Yes,Yes,Tolerant,Low,Medium,No,High,1200.0,1700.0,16.0,Early Summer,Spring and Summer,12.0,Moderate,Moderate,,No,Medium,
liatris,punctata,liatris punctata,dotted blazing star,-43.0,6.0,7.0,18.0,26.0,Medium,Yes,Yes,Yes,Intolerant,High,,Yes,High,2700.0,7000.0,14.0,Mid Summer,Summer,2.0,Slow,Moderate,,No,Medium,
heterotheca,villosa,heterotheca villosa,hairy false goldenaster,-33.0,6.0,7.0,10.0,26.0,Low,Yes,Yes,No,Intolerant,Medium,,No,High,0.0,0.0,14.0,Mid Summer,Spring and Summer,3.0,Moderate,Short,,No,Medium,
Festuca,rubra,Festuca rubra,red fescue,-43.0,5.0,7.0,30.0,70.0,Medium,No,Yes,Yes,Tolerant,Medium,,No,High,43560.0,43560.0,12.0,Mid Spring,Spring and Fall,2.0,Moderate,Long,,No,Medium,
Agrostis,capillaris,Agrostis capillaris,colonial bentgrass,-53.0,4.0,7.0,32.0,60.0,High,Yes,Yes,No,Intolerant,Low,Medium,No,Medium,43560.0,43560.0,12.0,Mid Summer,Spring and Summer,2.0,Rapid,Short,,No,Low,
Betula,nana,Betula nana,dwarf birch,-43.0,4.0,6.0,14.0,30.0,Low,Yes,Yes,Yes,Intermediate,Medium,Low,Yes,Medium,1200.0,1700.0,18.0,Late Spring,Summer,3.0,Moderate,Moderate,,No,High,
Rhamnus,alnifolia,Rhamnus alnifolia,alderleaf buckthorn,-33.0,4.0,8.0,10.0,50.0,High,No,Yes,Yes,Tolerant,Low,High,No,Low,1746.0,3450.0,12.0,Late Spring,Spring,3.0,Moderate,Moderate,,No,,
Poa,autumnalis,Poa autumnalis,autumn bluegrass,-8.0,5.0,6.0,36.0,60.0,Medium,Yes,Yes,No,Intermediate,Low,Low,No,High,11000.0,19000.0,10.0,Late Spring,Spring and Summer,2.0,Moderate,Moderate,,No,Medium,
